METRIC	AVERAGE	STD_DEV	N_RUNS
test_padt-translit_bertu_orig_acc	0.9378997339454328	0.0008739273448326632	5
test_padt-translit_bertu_orig_f1	0.9011054646877235	0.0020631778190331952	5
test_narbizi_bertu_orig_acc	0.2187793427230047	0.013135475691352897	5
test_narbizi_bertu_orig_f1	0.12254880792011864	0.006017808485588075	5
