dev_hdt_gbert_orig_acc_epoch1	0.07538126227519841
dev_hdt_gbert_orig_f1_epoch1	0.02835898702587622
dev_noah_gbert_orig_acc_epoch1	0.07147448597719368
dev_noah_gbert_orig_f1_epoch1	0.0275278473139297
dev_hdt_gbert_orig_acc_epoch2	0.06854101378516325
dev_hdt_gbert_orig_f1_epoch2	0.024912671231181963
dev_noah_gbert_orig_acc_epoch2	0.06317967683705367
dev_noah_gbert_orig_f1_epoch2	0.022714643454548898
