dev_hdt_gbert_orig_acc_epoch1	0.08485663799631821
dev_hdt_gbert_orig_f1_epoch1	0.03448963393515624
dev_noah_gbert_orig_acc_epoch1	0.07064676616915423
dev_noah_gbert_orig_f1_epoch1	0.026802201243036627
dev_hdt_gbert_orig_acc_epoch2	0.0792262084336385
dev_hdt_gbert_orig_f1_epoch2	0.03430718911238584
dev_noah_gbert_orig_acc_epoch2	0.06522255976753401
dev_noah_gbert_orig_f1_epoch2	0.02477647427836614
