N_RUNS	EPOCH	F1 (TEST)	STDEV (F1 TEST)	ACC (TEST)	STDEV (ACC TEST)	F1 (VAL)	STDEV (F1 VAL)	ACC (VAL)	STDEV (ACC VAL)
hdt
---------------------
5	1	-	-	-	-	0.7813077697699014	0.0021415460645313467	0.9221071091999576	0.0006203840819352109
5	2	-	-	-	-	0.8445984845803831	0.002230472215781548	0.9611843049635208	0.0008028240026259752

noah
---------------------
5	1	0.23741647063919258	0.003779766981741394	0.40464611819235224	0.003043033216513032	-	-	-	-
5	2	0.24993782114905647	0.0035345164745018568	0.4311304750869061	0.003852906060628523	-	-	-	-

