METRIC	AVERAGE	STD_DEV	N_RUNS
test.noah.europeana-deu.orig.60.stts_acc_epoch1	0.40464611819235224	0.0030430332165130316	5
test.noah.europeana-deu.orig.60.stts_f1_epoch1	0.23741647063919258	0.0037797669817413934	5
test.noah.europeana-deu.orig.60.stts_acc_epoch2	0.4311304750869061	0.0038529060606285227	5
test.noah.europeana-deu.orig.60.stts_f1_epoch2	0.24993782114905647	0.0035345164745018568	5
