N_RUNS	EPOCH	F1 (TEST)	STDEV (F1 TEST)	ACC (TEST)	STDEV (ACC TEST)	F1 (VAL)	STDEV (F1 VAL)	ACC (VAL)	STDEV (ACC VAL)
alpino
---------------------
5	1	-	-	-	-	0.713025519666096	0.002222176589493712	0.9010953780390061	0.002355234481071683
5	2	-	-	-	-	0.7744301182959947	0.0036688388623477234	0.9262623563986108	0.001004390216751053

noah
---------------------
5	1	0.31812742669075444	0.007201010217082253	0.49028409684558466	0.006988307341833576	-	-	-	-
5	2	0.32330705740742804	0.005383530342076442	0.48184192779323903	0.007361426055586629	-	-	-	-

lsdc
---------------------
5	1	0.35290834447937064	0.008490906118601593	0.574484412470024	0.00701224628585019	-	-	-	-
5	2	0.38072379412900836	0.014096919893459653	0.5673860911270984	0.006051533926364482	-	-	-	-

uzh
---------------------
5	1	0.294469721831052	0.014771767985338835	0.4160664819944599	0.009629774679096226	-	-	-	-
5	2	0.2848086894447791	0.01562179499351973	0.40207756232686975	0.007618987556495879	-	-	-	-

