N_RUNS	EPOCH	F1 (TEST)	STDEV (F1 TEST)	ACC (TEST)	STDEV (ACC TEST)	F1 (VAL)	STDEV (F1 VAL)	ACC (VAL)	STDEV (ACC VAL)
hdt
---------------------
5	1	-	-	-	-	0.9044775520639137	0.0020794043697247213	0.9817259071865836	0.00017130584474181208
5	2	-	-	-	-	0.9092117232013457	0.00030516696110627773	0.9816039064991685	0.00015355465301449746

noah
---------------------
5	1	0.47433206204414435	0.007098146649053582	0.543752720940357	0.018806917665846537	-	-	-	-
5	2	0.4732246863185063	0.010327275912466872	0.5362461675265611	0.012197079519139679	-	-	-	-

lsdc
---------------------
5	1	0.12001223060928645	0.009067693415006415	0.1760039662865642	0.006231931130380031	-	-	-	-
5	2	0.12143377285323757	0.009051851553046964	0.17570649479424888	0.005921268667063406	-	-	-	-

uzh
---------------------
5	1	0.47252688497376266	0.010522930395374282	0.4577562326869806	0.020585463992785855	-	-	-	-
5	2	0.437891763025591	0.014417215348649606	0.44778393351800555	0.012469989911742243	-	-	-	-

