N_RUNS	EPOCH	F1 (TEST)	STDEV (F1 TEST)	ACC (TEST)	STDEV (ACC TEST)	F1 (VAL)	STDEV (F1 VAL)	ACC (VAL)	STDEV (ACC VAL)
hdt
---------------------
5	1	-	-	-	-	0.9610073990679083	0.0022093671428325542	0.9817259071865838	0.00017130584474181208
5	2	-	-	-	-	0.9660374559014298	0.0003242398961753851	0.9816039064991685	0.00015355465301449746

noah
---------------------
5	1	0.5039778159219035	0.007541780814619449	0.543752720940357	0.018806917665846537	-	-	-	-
5	2	0.502801229213413	0.010972730656996057	0.5362461675265611	0.012197079519139679	-	-	-	-

lsdc
---------------------
5	1	0.12751299502236685	0.009634424253444317	0.1760039662865642	0.006231931130380031	-	-	-	-
5	2	0.12902338365656493	0.00961759227511241	0.17570649479424888	0.005921268667063406	-	-	-	-

uzh
---------------------
5	1	0.5040286773053468	0.011224459088399258	0.4577562326869806	0.020585463992785855	-	-	-	-
5	2	0.4656422209174038	0.015877932904066673	0.44778393351800555	0.012469989911742243	-	-	-	-

