METRIC	AVERAGE	STD_DEV	N_RUNS
test_padt-translit_bertu_orig_acc	0.9026657624289218	0.004070594464714709	5
test_padt-translit_bertu_orig_f1	0.7877005996481771	0.009269061087868392	5
test_narbizi_bertu_orig_acc	0.29107981220657275	0.006305777799204073	5
test_narbizi_bertu_orig_f1	0.1634023285946155	0.00281300875584435	5
