METRIC	AVERAGE	STD_DEV	N_RUNS
test_padt-translit_xlmr_orig_acc	0.9610272074212342	0.0012335683759066977	5
test_padt-translit_xlmr_orig_f1	0.8886285458532119	0.012427526135025221	5
test_narbizi_xlmr_orig_acc	0.20131270511017346	0.013358090065453824	5
test_narbizi_xlmr_orig_f1	0.13469681600273847	0.0110790929581957	5
