N_RUNS	EPOCH	F1 (TEST)	STDEV (F1 TEST)	ACC (TEST)	STDEV (ACC TEST)	F1 (VAL)	STDEV (F1 VAL)	ACC (VAL)	STDEV (ACC VAL)
hdt
---------------------
5	1	-	-	-	-	0.857301481337784	0.00036392767637188336	0.9809440924815102	0.00018914484734761309
5	2	-	-	-	-	0.9014213499438023	0.005078438996910207	0.9814238434352414	0.00017034327067042975

noah
---------------------
5	1	0.5027633379324187	0.007079111186452461	0.6217725715137068	0.01359220830021931	-	-	-	-
5	2	0.5171634525237547	0.009257063624007541	0.6226124851013111	0.013831415732255898	-	-	-	-

lsdc
---------------------
5	1	0.3553435081685253	0.05113282604890306	0.35766355140186923	0.055581632257007525	-	-	-	-
5	2	0.3544188590532672	0.05756840030614721	0.34663551401869164	0.06102123876201351	-	-	-	-

uzh
---------------------
5	1	0.49409020682147603	0.005567206550398638	0.5177285318559557	0.01522664061197987	-	-	-	-
5	2	0.48488881225920705	0.00961746694118126	0.5211911357340722	0.020197876259279476	-	-	-	-

