dev_hdt_gbert_orig_acc_epoch1	0.13906760825262743
dev_hdt_gbert_orig_f1_epoch1	0.051483414335108627
dev_noah_gbert_orig_acc_epoch1	0.12219433804429182
dev_noah_gbert_orig_f1_epoch1	0.05367968144184587
dev_hdt_gbert_orig_acc_epoch2	0.13374194223653346
dev_hdt_gbert_orig_f1_epoch2	0.04883337483876944
dev_noah_gbert_orig_acc_epoch2	0.11654118786597983
dev_noah_gbert_orig_f1_epoch2	0.05103148968342079
