dev_hdt_gbert_orig_acc_epoch1	0.13565979768625977
dev_hdt_gbert_orig_f1_epoch1	0.05290976706640328
dev_noah_gbert_orig_acc_epoch1	0.11767710121956589
dev_noah_gbert_orig_f1_epoch1	0.05350312362757916
dev_hdt_gbert_orig_acc_epoch2	0.13582295392837132
dev_hdt_gbert_orig_f1_epoch2	0.04976614133363828
dev_noah_gbert_orig_acc_epoch2	0.11864570950556949
dev_noah_gbert_orig_f1_epoch2	0.05163689388967235
