N_RUNS	EPOCH	F1 (TEST)	STDEV (F1 TEST)	ACC (TEST)	STDEV (ACC TEST)	F1 (VAL)	STDEV (F1 VAL)	ACC (VAL)	STDEV (ACC VAL)
hdt
---------------------
5	1	-	-	-	-	0.8860467914729908	0.000980809231715022	0.9799983155688231	0.0001537592317523805
5	2	-	-	-	-	0.9081839467039867	0.005371025784430671	0.9804830574297452	0.00026610827279812185

noah
---------------------
5	1	0.3513925924134699	0.01007231796818043	0.5784211114421931	0.017194667460340637	-	-	-	-
5	2	0.3522988085823853	0.009859073455981705	0.5740557955899881	0.017852706018695565	-	-	-	-

