N_RUNS	EPOCH	F1 (TEST)	STDEV (F1 TEST)	ACC (TEST)	STDEV (ACC TEST)	F1 (VAL)	STDEV (F1 VAL)	ACC (VAL)	STDEV (ACC VAL)
hdt
---------------------
5	1	-	-	-	-	0.9037677273024507	0.0010004254163492412	0.9799983155688231	0.0001537592317523805
5	2	-	-	-	-	0.9263476256380665	0.005478446300119292	0.9804830574297452	0.00026610827279812185

noah
---------------------
5	1	0.3580226413269315	0.010262361703429146	0.5784211114421931	0.017194667460340637	-	-	-	-
5	2	0.3589459559141284	0.010045093709868155	0.5740557955899881	0.017852706018695565	-	-	-	-

