N_RUNS	EPOCH	F1 (TEST)	STDEV (F1 TEST)	ACC (TEST)	STDEV (ACC TEST)	F1 (VAL)	STDEV (F1 VAL)	ACC (VAL)	STDEV (ACC VAL)
hdt
---------------------
4	1	-	-	-	-	0.8725586660643623	0.004304989550702336	0.9814988527993257	8.39474494482156e-05
4	2	-	-	-	-	0.9024047368803507	0.010551804435007816	0.9814496870561427	0.0002725358538721056

noah
---------------------
4	1	0.4721336829251237	0.007690650700078633	0.5723101383863628	0.01062985925371895	-	-	-	-
4	2	0.48910205771138526	0.006281876439058508	0.5663489872803908	0.016668106300192116	-	-	-	-

lsdc
---------------------
4	1	0.2873628353024996	0.039243246785006805	0.2939140811455847	0.034291840187241324	-	-	-	-
4	2	0.2913478254385313	0.058704184187318126	0.28305489260143196	0.04590535628419723	-	-	-	-

uzh
---------------------
4	1	0.4654588109753546	0.017311801951982193	0.4934210526315789	0.02205491127326062	-	-	-	-
4	2	0.4499015282853662	0.011599446804637356	0.4757617728531856	0.013893630642478446	-	-	-	-

