dev_hdt_gbert_orig_acc_epoch1	0.07475634308371454
dev_hdt_gbert_orig_f1_epoch1	0.044693492268088025
dev_noah_gbert_orig_acc_epoch1	0.07674899837097697
dev_noah_gbert_orig_f1_epoch1	0.045712081098128174
dev_hdt_gbert_orig_acc_epoch2	0.07240750888124073
dev_hdt_gbert_orig_f1_epoch2	0.044582633294431205
dev_noah_gbert_orig_acc_epoch2	0.07338528595958262
dev_noah_gbert_orig_f1_epoch2	0.043562589193571644
