METRIC	AVERAGE	STD_DEV	N_RUNS
test.noah.gbert-base.orig.60.stts_acc_epoch1	0.49324465769412457	0.011123882321376882	5
test.noah.gbert-base.orig.60.stts_f1_epoch1	0.3220440136355375	0.004080846906184058	5
test.noah.gbert-base.orig.60.stts_acc_epoch2	0.48916903639344567	0.010741803217845926	5
test.noah.gbert-base.orig.60.stts_f1_epoch2	0.3247040170091843	0.006241867604306583	5
