N_RUNS	EPOCH	F1 (TEST)	STDEV (F1 TEST)	ACC (TEST)	STDEV (ACC TEST)	F1 (VAL)	STDEV (F1 VAL)	ACC (VAL)	STDEV (ACC VAL)
hdt
---------------------
5	1	-	-	-	-	0.9141354027764347	0.005972106436738572	0.9811028986000887	0.00011177163338493701
5	2	-	-	-	-	0.9222575394983095	0.00653846907904457	0.9812230414090151	0.00013265015328603594

noah
---------------------
5	1	0.3220440136355375	0.004080846906184058	0.4932446576941246	0.011123882321376882	-	-	-	-
5	2	0.3247040170091843	0.006241867604306584	0.48916903639344567	0.010741803217845926	-	-	-	-

