dev_hdt_gbert_orig_acc_epoch1	0.13177175365254493
dev_hdt_gbert_orig_f1_epoch1	0.04912882254975332
dev_noah_gbert_orig_acc_epoch1	0.11397877867300665
dev_noah_gbert_orig_f1_epoch1	0.05099324892774632
dev_hdt_gbert_orig_acc_epoch2	0.1317071068396328
dev_hdt_gbert_orig_f1_epoch2	0.049984817972330176
dev_noah_gbert_orig_acc_epoch2	0.1146303878835909
dev_noah_gbert_orig_f1_epoch2	0.05201051708159505
