dev_hdt_gbert_orig_acc_epoch1	0.14361135567445096
dev_hdt_gbert_orig_f1_epoch1	0.051416165806174946
dev_noah_gbert_orig_acc_epoch1	0.12419319332540836
dev_noah_gbert_orig_f1_epoch1	0.0519721190855982
dev_hdt_gbert_orig_acc_epoch2	0.13791320087919665
dev_hdt_gbert_orig_f1_epoch2	0.05077450332476466
dev_noah_gbert_orig_acc_epoch2	0.11673490952318055
dev_noah_gbert_orig_f1_epoch2	0.05143005585687558
