dev_hdt_gbert_orig_acc_epoch1	0.13565364084693482
dev_hdt_gbert_orig_f1_epoch1	0.051642750932899786
dev_noah_gbert_orig_acc_epoch1	0.11753621274160173
dev_noah_gbert_orig_f1_epoch1	0.052609595506683544
dev_hdt_gbert_orig_acc_epoch2	0.13269835797095203
dev_hdt_gbert_orig_f1_epoch2	0.05180973161489111
dev_noah_gbert_orig_acc_epoch2	0.11455113811473605
dev_noah_gbert_orig_f1_epoch2	0.05251980901251136
