N_RUNS	EPOCH	F1 (TEST)	STDEV (F1 TEST)	ACC (TEST)	STDEV (ACC TEST)	F1 (VAL)	STDEV (F1 VAL)	ACC (VAL)	STDEV (ACC VAL)
hdt
---------------------
5	1	-	-	-	-	0.7343765549416761	0.363890463812496	0.8261898937603152	0.3085989669400017
5	2	-	-	-	-	0.7414275137365275	0.36733104968494207	0.8267509730638583	0.3088791963106031

noah
---------------------
5	1	0.2652138674640906	0.13009607245909346	0.43020405894830455	0.13405805196900505	-	-	-	-
5	2	0.2812831786298399	0.1386394700225109	0.4425624542650451	0.14229905462594292	-	-	-	-

