METRIC	AVERAGE	STD_DEV	N_RUNS
test_padt-translit_xlmr_orig_acc	0.9596809774308502	0.0013912514635120122	5
test_padt-translit_xlmr_orig_f1	0.8720493685418796	0.004414862163581331	5
test_narbizi_xlmr_orig_acc	0.25729020159399907	0.015874773509662113	5
test_narbizi_xlmr_orig_f1	0.16639332179517036	0.008002166770724418	5
