N_RUNS	EPOCH	F1 (TEST)	STDEV (F1 TEST)	ACC (TEST)	STDEV (ACC TEST)	F1 (VAL)	STDEV (F1 VAL)	ACC (VAL)	STDEV (ACC VAL)
uzh
---------------------
5	1	0.43083653831669694	0.016951380995768303	0.5362880886426593	0.013673383853943967	-	-	-	-
5	2	0.4036402633086289	0.006893449720357269	0.5210526315789474	0.008700442534370858	-	-	-	-

alpino
---------------------
5	1	-	-	-	-	0.7917551526377955	0.0020207670053647756	0.9405704099821748	0.0009078667791976293
5	2	-	-	-	-	0.8575813082789179	0.0025614370584055076	0.9559714795008911	0.0016759585416817257

lsdc
---------------------
5	1	0.4808318609091188	0.006494422861946491	0.6627664848785325	0.006195537670525878	-	-	-	-
5	2	0.4995309112895486	0.007597803558253954	0.6721864154685175	0.00916010425771423	-	-	-	-

noah
---------------------
5	1	0.3986866262096374	0.007881714953851683	0.5553515686510619	0.007376169693574765	-	-	-	-
5	2	0.42029129275411703	0.007100939645103463	0.5478357524615827	0.0068073005025495546	-	-	-	-

