dev_gsd_xlmr_orig_acc_epoch1	0.984777550391074
dev_gsd_xlmr_orig_f1_epoch1	0.8999377373881365
dev_rpic_xlmr_orig_acc_epoch1	0.666398633028445
dev_rpic_xlmr_orig_f1_epoch1	0.4684792345349554
dev_gsd_xlmr_orig_acc_epoch2	0.9852260940259595
dev_gsd_xlmr_orig_f1_epoch2	0.9007156820862101
dev_rpic_xlmr_orig_acc_epoch2	0.6305156297115287
dev_rpic_xlmr_orig_f1_epoch2	0.45858873344220785
