N_RUNS	EPOCH	F1 (TEST)	STDEV (F1 TEST)	ACC (TEST)	STDEV (ACC TEST)	F1 (VAL)	STDEV (F1 VAL)	ACC (VAL)	STDEV (ACC VAL)
alpino
---------------------
5	1	-	-	-	-	0.7344432893049408	0.004027815278694702	0.931711229946524	0.0007675240692196524
5	2	-	-	-	-	0.7938562817942817	0.0033865204400093775	0.9509803921568629	0.0016559321443841148

noah
---------------------
5	1	0.41115788487755334	0.005066572453577355	0.5962393130725554	0.0030820449313573033	-	-	-	-
5	2	0.4453349698614481	0.005644774047690837	0.5897757482007058	0.006235045611905219	-	-	-	-

lsdc
---------------------
5	1	0.4659924455935795	0.006186588598208902	0.6764501735250372	0.005937850241578531	-	-	-	-
5	2	0.4911435792262056	0.014409438849335337	0.675260287555776	0.007712617345614306	-	-	-	-

uzh
---------------------
5	1	0.4492024889775079	0.006685034356569411	0.5876731301939058	0.002127741204395755	-	-	-	-
5	2	0.4177940587880391	0.013740678452487784	0.5588642659279779	0.008571605787681884	-	-	-	-

