N_RUNS	EPOCH	F1 (TEST)	STDEV (F1 TEST)	ACC (TEST)	STDEV (ACC TEST)	F1 (VAL)	STDEV (F1 VAL)	ACC (VAL)	STDEV (ACC VAL)
alpino
---------------------
5	1	-	-	-	-	0.7767462456313299	0.010540449233693643	0.9768747820020927	0.001313672102216002
5	2	-	-	-	-	0.8343230506015148	0.003927795490883212	0.98170561562609	0.0010784530752522103

noah
---------------------
5	1	0.3910706076769848	0.004959435041382767	0.527664217240479	0.016067201013396985	-	-	-	-
5	2	0.4296377997300656	0.00932464938798922	0.5544425379536723	0.006300512322220152	-	-	-	-

lsdc
---------------------
5	1	0.43395437716525836	0.0045459464164935405	0.6292124105011933	0.006959158746962331	-	-	-	-
5	2	0.4616428043710606	0.015890819667638754	0.6265393794749403	0.008007720086113909	-	-	-	-

uzh
---------------------
5	1	0.3904269549402032	0.00773762574712086	0.4646814404432133	0.021991215038671266	-	-	-	-
5	2	0.396760118131419	0.005165140365225103	0.4842105263157895	0.013135277251555322	-	-	-	-

