METRIC	AVERAGE	STD_DEV	N_RUNS
test_padt-translit_bertu_orig_acc	0.9234075851635453	0.0023075287881871714	5
test_padt-translit_bertu_orig_f1	0.8584649267654552	0.007663166538064594	5
test_narbizi_bertu_orig_acc	0.28816901408450707	0.011501485068756857	5
test_narbizi_bertu_orig_f1	0.16538951156993834	0.007660554738936407	5
