N_RUNS	EPOCH	F1 (TEST)	STDEV (F1 TEST)	ACC (TEST)	STDEV (ACC TEST)	F1 (VAL)	STDEV (F1 VAL)	ACC (VAL)	STDEV (ACC VAL)
hdt
---------------------
5	1	-	-	-	-	0.855259735470357	0.0012938075639470558	0.9622800828380518	0.00020521425510020138
5	2	-	-	-	-	0.8635717071605715	0.0012945682517996235	0.9659438880550093	0.00017778438742042455

noah
---------------------
5	1	0.45920815350290134	0.004715020905230084	0.7374984947989515	0.0035741670373080183	-	-	-	-
5	2	0.4683126278544803	0.002249791953394535	0.7378319547235525	0.0021837185705834298	-	-	-	-

