dev_hdt_gbert_orig_acc_epoch1	0.08266788161629346
dev_hdt_gbert_orig_f1_epoch1	0.02838174482217007
dev_noah_gbert_orig_acc_epoch1	0.06711574869017743
dev_noah_gbert_orig_f1_epoch1	0.021612568568969034
dev_hdt_gbert_orig_acc_epoch2	0.08004814648352122
dev_hdt_gbert_orig_f1_epoch2	0.03302870673200842
dev_noah_gbert_orig_acc_epoch2	0.062043763483467615
dev_noah_gbert_orig_f1_epoch2	0.025169953611169246
