dev_hdt_gbert_orig_acc_epoch1	0.0883598795722228
dev_hdt_gbert_orig_f1_epoch1	0.046301072465696966
dev_noah_gbert_orig_acc_epoch1	0.08076431999295558
dev_noah_gbert_orig_f1_epoch1	0.04167470642377276
dev_hdt_gbert_orig_acc_epoch2	0.06876266000086195
dev_hdt_gbert_orig_f1_epoch2	0.034562171052799046
dev_noah_gbert_orig_acc_epoch2	0.06719499845903228
dev_noah_gbert_orig_f1_epoch2	0.03270665965392013
