N_RUNS	EPOCH	F1 (TEST)	STDEV (F1 TEST)	ACC (TEST)	STDEV (ACC TEST)	F1 (VAL)	STDEV (F1 VAL)	ACC (VAL)	STDEV (ACC VAL)
hdt
---------------------
5	1	-	-	-	-	0.8841283815719823	0.019000203418589403	0.9805660342296472	7.044626458023319e-05
5	2	-	-	-	-	0.9087828866142754	0.0030837830799414286	0.9804130352640936	0.00019014957294116467

noah
---------------------
5	1	0.43206824518420167	0.006664706750237379	0.4831009113868453	0.003985339841872675	-	-	-	-
5	2	0.4345543216015578	0.010873228126950239	0.45781816185351926	0.02045979639137828	-	-	-	-

lsdc
---------------------
5	1	0.1434436154666797	0.008349410307811618	0.1761248852157943	0.002106032128774976	-	-	-	-
5	2	0.14882572345067716	0.006876776402218912	0.17401285583103765	0.006987332370889546	-	-	-	-

uzh
---------------------
5	1	0.4124845748072385	0.008798472670464635	0.40083102493074796	0.00823371963861598	-	-	-	-
5	2	0.3870881944813352	0.010638718729036647	0.37132963988919665	0.02130174093687248	-	-	-	-

