N_RUNS	EPOCH	F1 (TEST)	STDEV (F1 TEST)	ACC (TEST)	STDEV (ACC TEST)	F1 (VAL)	STDEV (F1 VAL)	ACC (VAL)	STDEV (ACC VAL)
hdt
---------------------
5	1	-	-	-	-	0.9500630371290418	0.013524768578305122	0.9805660342296472	7.044626458023319e-05
5	2	-	-	-	-	0.9655818170276677	0.0032765195224377583	0.9804130352640936	0.00019014957294116467

noah
---------------------
5	1	0.4590725105082143	0.007081250922127226	0.48310091138684524	0.003985339841872676	-	-	-	-
5	2	0.4617139667016551	0.011552804884884643	0.45781816185351937	0.02045979639137828	-	-	-	-

lsdc
---------------------
5	1	0.15240884143334718	0.00887124845204985	0.1761248852157943	0.002106032128774976	-	-	-	-
5	2	0.15812733116634448	0.007306574927357575	0.17401285583103765	0.006987332370889546	-	-	-	-

uzh
---------------------
5	1	0.4399835464610544	0.009385037515162271	0.40083102493074796	0.00823371963861598	-	-	-	-
5	2	0.4119323305688418	0.011561693108582401	0.37132963988919665	0.02130174093687248	-	-	-	-

