METRIC	AVERAGE	STD_DEV	N_RUNS
test_padt-translit_xlmr_orig_acc	0.9487414446518467	0.0014369555236609967	5
test_padt-translit_xlmr_orig_f1	0.8431828448855423	0.010443742265511126	5
test_narbizi_xlmr_orig_acc	0.2710736052508204	0.007841550689940956	5
test_narbizi_xlmr_orig_f1	0.1687533369915147	0.00956438342543768	5
