METRIC	AVERAGE	STD_DEV	N_RUNS
test_padt-translit_xlmr_orig_acc	0.9396345947168957	0.0013871057524870965	5
test_padt-translit_xlmr_orig_f1	0.8156511665939894	0.013505155212355386	5
test_narbizi_xlmr_orig_acc	0.2677918424753868	0.010576719101512293	5
test_narbizi_xlmr_orig_f1	0.16486914204646205	0.01015320984566158	5
