N_RUNS	EPOCH	F1 (TEST)	STDEV (F1 TEST)	ACC (TEST)	STDEV (ACC TEST)	F1 (VAL)	STDEV (F1 VAL)	ACC (VAL)	STDEV (ACC VAL)
hdt
---------------------
5	1	-	-	-	-	0.9262249064765428	0.005028791531591273	0.9799305000650401	0.0003575130467443865
5	2	-	-	-	-	0.9453862481588194	0.0011284720336202638	0.9800822601725729	0.00011339104433076097

noah
---------------------
5	1	0.29971312538935535	0.004348381566102225	0.4458932689140222	0.005988567238349558	-	-	-	-
5	2	0.3038440175538884	0.006907470273252562	0.4335437941510194	0.003621467160179451	-	-	-	-

