N_RUNS	EPOCH	F1 (TEST)	STDEV (F1 TEST)	ACC (TEST)	STDEV (ACC TEST)	F1 (VAL)	STDEV (F1 VAL)	ACC (VAL)	STDEV (ACC VAL)
hdt
---------------------
5	1	-	-	-	-	0.9045683582324182	0.008259851648722153	0.9799305000650401	0.0003575130467443865
5	2	-	-	-	-	0.9268492629008034	0.0011063451310002366	0.9800822601725729	0.00011339104433076097

noah
---------------------
5	1	0.2941628823265895	0.004267855981544774	0.4458932689140222	0.005988567238349558	-	-	-	-
5	2	0.2982172764880756	0.0067795541570812206	0.4335437941510194	0.003621467160179451	-	-	-	-

