METRIC	AVERAGE	STD_DEV	N_RUNS
test_padt-translit_bertu_orig_acc	0.9290312483697637	0.002086858985210927	5
test_padt-translit_bertu_orig_f1	0.8811749598569165	0.012826930826512465	5
test_narbizi_bertu_orig_acc	0.2868544600938967	0.011742721653230788	5
test_narbizi_bertu_orig_f1	0.15877061039745843	0.0038992408201070127	5
