dev_hdt_gbert_orig_acc_epoch1	0.09757051120236915
dev_hdt_gbert_orig_f1_epoch1	0.053819932859680314
dev_noah_gbert_orig_acc_epoch1	0.08165367851010434
dev_noah_gbert_orig_f1_epoch1	0.04638759601748165
dev_hdt_gbert_orig_acc_epoch2	0.07461781419890286
dev_hdt_gbert_orig_f1_epoch2	0.03620735366803355
dev_noah_gbert_orig_acc_epoch2	0.0683573284022366
dev_noah_gbert_orig_f1_epoch2	0.03248454337136987
