dev_hdt_gbert_orig_acc_epoch1	0.1004980883013896
dev_hdt_gbert_orig_f1_epoch1	0.05441361386239526
dev_noah_gbert_orig_acc_epoch1	0.08462994760709726
dev_noah_gbert_orig_f1_epoch1	0.05193226050670158
dev_hdt_gbert_orig_acc_epoch2	0.08173819887822388
dev_hdt_gbert_orig_f1_epoch2	0.04445812188410368
dev_noah_gbert_orig_acc_epoch2	0.07303306476467221
dev_noah_gbert_orig_f1_epoch2	0.039384270661001426
