N_RUNS	EPOCH	F1 (TEST)	STDEV (F1 TEST)	ACC (TEST)	STDEV (ACC TEST)	F1 (VAL)	STDEV (F1 VAL)	ACC (VAL)	STDEV (ACC VAL)
hdt
---------------------
5	1	-	-	-	-	0.8446435767028426	0.0009771899889600652	0.9227836409139419	0.0008801135558092665
5	2	-	-	-	-	0.8989079376646016	0.01552532495584174	0.9630747243008445	0.0005825794960657353

noah
---------------------
5	1	0.3702524655388563	0.002373300699890272	0.4211967555040556	0.001899009561992001	-	-	-	-
5	2	0.38238715815431507	0.00403301441623243	0.4486247972190035	0.002455861904094449	-	-	-	-

lsdc
---------------------
5	1	0.17748182618946365	0.003427049044681483	0.257753017641597	0.0056432948557187486	-	-	-	-
5	2	0.17812564191504449	0.00287717651700918	0.2589600742804085	0.0055663861791353285	-	-	-	-

uzh
---------------------
5	1	0.3566980153125411	0.009201114612213969	0.3554016620498615	0.0030154488998721924	-	-	-	-
5	2	0.36309252977308304	0.00816146581284388	0.38684210526315793	0.005515874723473651	-	-	-	-

