N_RUNS	EPOCH	F1 (TEST)	STDEV (F1 TEST)	ACC (TEST)	STDEV (ACC TEST)	F1 (VAL)	STDEV (F1 VAL)	ACC (VAL)	STDEV (ACC VAL)
hdt
---------------------
5	1	-	-	-	-	0.7960528763169477	0.0010887855351727539	0.9235937314718308	0.0010463257108847676
5	2	-	-	-	-	0.845855179793461	0.009092217583702178	0.963351203589862	0.0007890486603838396

noah
---------------------
5	1	0.34925299549295796	0.0016399094185801089	0.41961714947856316	0.004330810804635676	-	-	-	-
5	2	0.36103066562226943	0.004681040477798392	0.45173209733487835	0.005774878694298605	-	-	-	-

lsdc
---------------------
5	1	0.16412584494426916	0.005282386147644219	0.25561745589600743	0.008140188967243705	-	-	-	-
5	2	0.1695252255390274	0.0020720648090244926	0.26378830083565463	0.0037761744489624473	-	-	-	-

uzh
---------------------
5	1	0.3360125338572567	0.005299716513916334	0.356371191135734	0.008328696054500227	-	-	-	-
5	2	0.34292085269321587	0.004368984885661187	0.3904432132963989	0.008486135003900483	-	-	-	-

