N_RUNS	EPOCH	F1 (TEST)	STDEV (F1 TEST)	ACC (TEST)	STDEV (ACC TEST)	F1 (VAL)	STDEV (F1 VAL)	ACC (VAL)	STDEV (ACC VAL)
hdt
---------------------
5	1	-	-	-	-	0.8861609451553514	0.0008723711917127676	0.97209461284458	0.00038147205739261035
5	2	-	-	-	-	0.8999298117682484	0.00428520363512327	0.9736959554987518	0.00031275483247263807

noah
---------------------
5	1	0.4558342278975078	0.006086428615531279	0.7317907724228643	0.005803557639626763	-	-	-	-
5	2	0.45937786366449956	0.0014929697409245242	0.7299974990505655	0.001761013227190821	-	-	-	-

