DATASET	TOKENIZER	N_SENTS	MIN_TOKS_PER_SENT	MAX_TPS	MEAN_TPS	STD_TPS	MEAN+STD	MEAN+1.5STD	MEAN+2STD
../datasets/train_PADT_UPOS.tsv	aubmindlab/bert-base-arabertv2	6075	1.0	549.0	53.253991769547326	39.63673544608559	92.89072721563292	112.7090949386757	132.52746266171852
../datasets/dev_PADT_UPOS.tsv	aubmindlab/bert-base-arabertv2	909	2.0	180.0	46.80968096809681	27.682509178534932	74.49219014663174	88.3334447358992	102.17469932516667
../datasets/dev_dar-egy_UPOS.tsv	aubmindlab/bert-base-arabertv2	350	15.0	56.0	35.84	9.53924824830852	45.37924824830852	50.14887237246278	54.91849649661704
../datasets/train_PADT_UPOS.tsv	bert-base-multilingual-cased	6075	1.0	706.0	64.9038683127572	47.70384953812764	112.60771785088484	136.45964261994865	160.31156738901248
../datasets/dev_PADT_UPOS.tsv	bert-base-multilingual-cased	909	3.0	201.0	57.78767876787679	33.473731092750135	91.26140986062693	107.99827540700198	124.73514095337705
../datasets/dev_dar-egy_UPOS.tsv	bert-base-multilingual-cased	350	21.0	87.0	50.074285714285715	13.13621695612429	63.21050267041001	69.77861114847215	76.3467196265343
../datasets/train_PADT_UPOS.tsv	xlm-roberta-base	6075	1.0	556.0	51.596378600823044	37.85896357123287	89.45534217205591	108.38482395767235	127.31430574328878
../datasets/dev_PADT_UPOS.tsv	xlm-roberta-base	909	3.0	144.0	46.408140814081406	26.28073829735989	72.6888791114413	85.82924826012123	98.96961740880118
../datasets/dev_dar-egy_UPOS.tsv	xlm-roberta-base	350	19.0	72.0	41.78285714285714	11.49826038306381	53.28111752592095	59.03024771745285	64.77937790898476
