DATASET	TOKENIZER	NOISE_TYPE	NOISE_LVL	N_SENTS	MIN_TOKS_PER_SENT	MAX_TPS	MEAN_TPS	STD_TPS	MEAN+STD	MEAN+1.5STD	MEAN+2STD	SAMPLE_SENTENCE
../datasets/train_TDT_UPOS.tsv	TurkuNLP/bert-base-finnish-cased-v1	-	-	12217	1.0	346.0	18.69959891953835	14.053679081362317	32.753278000900664	39.780117541581824	46.80695708226298	Kävel ##yre ##itti III
../datasets/train_TDT_UPOS.tsv	TurkuNLP/bert-base-finnish-cased-v1	add_random_noise	0.15	12217	1.0	362.0	19.846116067774414	14.812540945312586	34.658657013087	42.0649274857433	49.471197958399586	Kävel ##yre ##itti III
../datasets/train_TDT_UPOS.tsv	TurkuNLP/bert-base-finnish-cased-v1	add_random_noise	0.35	12217	1.0	406.0	21.337153147253826	15.935446909808071	37.272600057061894	45.24032351196593	53.20804696686997	Kävel ##yre ##itti II ##å ##I
../datasets/train_TDT_UPOS.tsv	TurkuNLP/bert-base-finnish-cased-v1	add_random_noise	0.55	12217	0.0	438.0	22.77588606040763	16.98540310985887	39.761289170266494	48.25399072519593	56.746692280125366	Kävel ##yre ##itti [UNK]
../datasets/train_TDT_UPOS.tsv	TurkuNLP/bert-base-finnish-cased-v1	add_random_noise	0.75	12217	0.0	440.0	24.309732340181714	18.14985859490934	42.45959093509106	51.534520232545724	60.60944953000039	Kävel ##yre ##it ##K ##ti II
../datasets/train_TDT_UPOS.tsv	TurkuNLP/bert-base-finnish-cased-v1	add_random_noise	0.95	12217	1.0	504.0	25.765408856511417	19.128502825555465	44.893911682066886	54.458163094844615	64.02241450762234	Kä ##vey ##rei ##tti II @
