METRIC	AVERAGE	STD_DEV	N_RUNS
test_padt-translit_xlmr_orig_acc	0.9449063861078116	0.001933472851274607	5
test_padt-translit_xlmr_orig_f1	0.8352333768257157	0.011408022001362563	5
test_narbizi_xlmr_orig_acc	0.2739803094233474	0.008483498948911402	5
test_narbizi_xlmr_orig_f1	0.17106895350348755	0.007271680494682055	5
