METRIC	AVERAGE	STD_DEV	N_RUNS
test_padt-translit_xlmr_orig_acc	0.9541263646133832	0.0014120693502238859	5
test_padt-translit_xlmr_orig_f1	0.8593165021661198	0.01216425380463049	5
test_narbizi_xlmr_orig_acc	0.27257383966244725	0.007729756716558816	5
test_narbizi_xlmr_orig_f1	0.16855635605792624	0.002609498324937797	5
