N_RUNS	EPOCH	F1 (TEST)	STDEV (F1 TEST)	ACC (TEST)	STDEV (ACC TEST)	F1 (VAL)	STDEV (F1 VAL)	ACC (VAL)	STDEV (ACC VAL)
hdt
---------------------
5	1	-	-	-	-	0.8941817600054136	0.00730015140391672	0.9765943125987573	0.00018993891256005704
5	2	-	-	-	-	0.9127463468298089	0.0011593059730189148	0.9772203109964164	0.0002612013938062673

noah
---------------------
5	1	0.4445318507016297	0.005015328639944382	0.7149992126640669	0.0027735825442277815	-	-	-	-
5	2	0.4488397857959507	0.004824556686458546	0.7145657147620856	0.0064353040565713095	-	-	-	-

