N_RUNS	EPOCH	F1 (TEST)	STDEV (F1 TEST)	ACC (TEST)	STDEV (ACC TEST)	F1 (VAL)	STDEV (F1 VAL)	ACC (VAL)	STDEV (ACC VAL)
uzh
---------------------
5	1	0.21092656457550718	0.014272538288549713	0.22132404181184667	0.010304167464403912	-	-	-	-
5	2	0.21808564128107738	0.014668208589144718	0.2313588850174216	0.013916360603614345	-	-	-	-

alpino
---------------------
5	1	-	-	-	-	0.8652172708889836	0.006922897331394354	0.9768916688385023	0.0007014726518351565
5	2	-	-	-	-	0.8850399325049632	0.0028386482633762874	0.9812353401094605	0.00044973257251479864

lsdc
---------------------
5	1	0.387280206966423	0.014476467307906487	0.5106448311156602	0.016087519102876976	-	-	-	-
5	2	0.43168624594487637	0.018211343267616507	0.5430910951893552	0.005192896988317631	-	-	-	-

noah
---------------------
5	1	0.23975554862036672	0.01681261762991873	0.2855574911137738	0.013687906699285808	-	-	-	-
5	2	0.2558712767962331	0.01267879503378326	0.289416076768938	0.011743874439116456	-	-	-	-

