dev_hdt_gbert_orig_acc_epoch1	0.07284464447331318
dev_hdt_gbert_orig_f1_epoch1	0.02680597114095548
dev_noah_gbert_orig_acc_epoch1	0.06470303350504117
dev_noah_gbert_orig_f1_epoch1	0.022446223416069177
dev_hdt_gbert_orig_acc_epoch2	0.07296470284014998
dev_hdt_gbert_orig_f1_epoch2	0.02737205826731835
dev_noah_gbert_orig_acc_epoch2	0.06338220402412716
dev_noah_gbert_orig_f1_epoch2	0.022411142974949533
