N_RUNS	EPOCH	F1 (TEST)	STDEV (F1 TEST)	ACC (TEST)	STDEV (ACC TEST)	F1 (VAL)	STDEV (F1 VAL)	ACC (VAL)	STDEV (ACC VAL)
hdt
---------------------
1	1	-	-	-	-	0.8387731565029817	0.0	0.9641176831493256	0.0
1	2	-	-	-	-	0.8426373463648853	0.0	0.9675664155464206	0.0

noah
---------------------
1	1	0.6345355895422129	0.0	0.7864467066201057	0.0	-	-	-	-
1	2	0.642166179291956	0.0	0.7821024648246093	0.0	-	-	-	-

lsdc
---------------------
1	1	0.45410201246444315	0.0	0.5156172533465543	0.0	-	-	-	-
1	2	0.4158027273939662	0.0	0.43877045116509666	0.0	-	-	-	-

uzh
---------------------
1	1	0.6292921163006643	0.0	0.7451523545706371	0.0	-	-	-	-
1	2	0.6296611906386586	0.0	0.7403047091412742	0.0	-	-	-	-

