N_RUNS	EPOCH	F1 (TEST)	STDEV (F1 TEST)	ACC (TEST)	STDEV (ACC TEST)	F1 (VAL)	STDEV (F1 VAL)	ACC (VAL)	STDEV (ACC VAL)
hdt
---------------------
5	1	-	-	-	-	0.8649542516993278	0.0013907264533902627	0.9675259397989494	0.00039883314852042
5	2	-	-	-	-	0.8826533151049137	0.00717198827767891	0.970031029396969	0.00043540159998648153

noah
---------------------
5	1	0.4622997532525277	0.0031524597339193934	0.7389397826952825	0.003240697739621353	-	-	-	-
5	2	0.4638941253229212	0.005140648006111108	0.735042006687724	0.003577180834502935	-	-	-	-

