N_RUNS	EPOCH	F1 (TEST)	STDEV (F1 TEST)	ACC (TEST)	STDEV (ACC TEST)	F1 (VAL)	STDEV (F1 VAL)	ACC (VAL)	STDEV (ACC VAL)
hdt
---------------------
1	1	-	-	-	-	0.8510558778904445	0.0	0.9752484800005613	0.0
1	2	-	-	-	-	0.8886704589815426	0.0	0.9764413243378837	0.0

noah
---------------------
1	1	0.48572267753602877	0.0	0.6349850469736484	0.0	-	-	-	-
1	2	0.49345354623185583	0.0	0.6282184249478909	0.0	-	-	-	-

lsdc
---------------------
1	1	0.3429389144045332	0.0	0.43858751279426816	0.0	-	-	-	-
1	2	0.34348775036435897	0.0	0.42835209825997955	0.0	-	-	-	-

uzh
---------------------
1	1	0.48337418278052313	0.0	0.5721254355400697	0.0	-	-	-	-
1	2	0.47812527421850337	0.0	0.5672473867595819	0.0	-	-	-	-

