dev_hdt_gbert_orig_acc_epoch1	0.13673108772880355
dev_hdt_gbert_orig_f1_epoch1	0.04854755076242509
dev_noah_gbert_orig_acc_epoch1	0.12133139611676133
dev_noah_gbert_orig_f1_epoch1	0.052229574022299184
dev_hdt_gbert_orig_acc_epoch2	0.13081128671785053
dev_hdt_gbert_orig_f1_epoch2	0.048121015905991896
dev_noah_gbert_orig_acc_epoch2	0.11783560075727557
dev_noah_gbert_orig_f1_epoch2	0.05162402300802769
