dev_hdt_gbert_orig_acc_epoch1	0.13794706349548397
dev_hdt_gbert_orig_f1_epoch1	0.05033945231662165
dev_noah_gbert_orig_acc_epoch1	0.12188614449874521
dev_noah_gbert_orig_f1_epoch1	0.054215593051603304
dev_hdt_gbert_orig_acc_epoch2	0.1383164738549818
dev_hdt_gbert_orig_f1_epoch2	0.04772429513044759
dev_noah_gbert_orig_acc_epoch2	0.1213137850570158
dev_noah_gbert_orig_f1_epoch2	0.05440709476249305
