N_RUNS	EPOCH	F1 (TEST)	STDEV (F1 TEST)	ACC (TEST)	STDEV (ACC TEST)	F1 (VAL)	STDEV (F1 VAL)	ACC (VAL)	STDEV (ACC VAL)
hdt
---------------------
5	1	-	-	-	-	0.5828659243950733	0.4583101877673764	0.6730307262137366	0.3774342217970229
5	2	-	-	-	-	0.5896013084684346	0.46364310263193165	0.6733434690926432	0.3776895576239157

uzh
---------------------
5	1	0.2921300459167855	0.22673634033145768	0.31011080332409974	0.14974368260146365	-	-	-	-
5	2	0.28032590762360526	0.2179964975882429	0.28850415512465377	0.13326489497219565	-	-	-	-

noah
---------------------
5	1	0.3148961353078385	0.24309858851320712	0.3819505553034023	0.17921974881969188	-	-	-	-
5	2	0.3107257530770332	0.24009971406723005	0.36498300280662105	0.16661816236815036	-	-	-	-

lsdc
---------------------
5	1	0.08745953190084228	0.06081591476859305	0.1567674764501735	0.02466284060108362	-	-	-	-
5	2	0.08520506104040793	0.058261121000277964	0.1551809618244918	0.02242355464481023	-	-	-	-

