dev_hdt_gbert_orig_acc_epoch1	0.13167016580368301
dev_hdt_gbert_orig_f1_epoch1	0.05050130224417706
dev_noah_gbert_orig_acc_epoch1	0.11627702196979703
dev_noah_gbert_orig_f1_epoch1	0.05248317762115072
dev_hdt_gbert_orig_acc_epoch2	0.12309368862400798
dev_hdt_gbert_orig_f1_epoch2	0.05014447062825128
dev_noah_gbert_orig_acc_epoch2	0.10792937965042046
dev_noah_gbert_orig_f1_epoch2	0.052049825791233684
