dev_gsd_xlmr_orig_acc_epoch1	0.9771242746208405
dev_gsd_xlmr_orig_f1_epoch1	0.8727141242535987
dev_rpic_xlmr_orig_acc_epoch1	0.7484169263242537
dev_rpic_xlmr_orig_f1_epoch1	0.5496440572139838
dev_gsd_xlmr_orig_acc_epoch2	0.9795071626811696
dev_gsd_xlmr_orig_f1_epoch2	0.887932751651107
dev_rpic_xlmr_orig_acc_epoch2	0.7633933058598854
dev_rpic_xlmr_orig_f1_epoch2	0.5331124908512779
