N_RUNS	EPOCH	F1 (TEST)	STDEV (F1 TEST)	ACC (TEST)	STDEV (ACC TEST)	F1 (VAL)	STDEV (F1 VAL)	ACC (VAL)	STDEV (ACC VAL)
hdt
---------------------
5	1	-	-	-	-	0.8969273657245136	0.0043601781577865635	0.9817413895073216	0.0001353633034795352
5	2	-	-	-	-	0.9094396375146208	0.0003105753115646888	0.9816410640689398	0.00018306363081603213

noah
---------------------
5	1	0.4687205878280019	0.010906624258546915	0.5236098889393196	0.019368790075288037	-	-	-	-
5	2	0.49738649456382966	0.01444259797072825	0.5456126862975761	0.021006878554338734	-	-	-	-

lsdc
---------------------
5	1	0.11445813978987367	0.005233100319169594	0.17035200793257316	0.004362915220624688	-	-	-	-
5	2	0.1294197328337574	0.01196713976336979	0.18145761031234509	0.008979063101772355	-	-	-	-

uzh
---------------------
5	1	0.45176109590546776	0.017137549066850447	0.41939058171745147	0.02422278891007568	-	-	-	-
5	2	0.4563402258088344	0.009636507350509655	0.45027700831024936	0.027265977368182155	-	-	-	-

