N_RUNS	EPOCH	F1 (TEST)	STDEV (F1 TEST)	ACC (TEST)	STDEV (ACC TEST)	F1 (VAL)	STDEV (F1 VAL)	ACC (VAL)	STDEV (ACC VAL)
hdt
---------------------
5	1	-	-	-	-	0.9529853260822957	0.004632689292648286	0.9817413895073216	0.0001353633034795352
5	2	-	-	-	-	0.9662796148592843	0.00032998626853747215	0.9816410640689398	0.00018306363081603213

noah
---------------------
5	1	0.49801562456725207	0.011588288274706105	0.5236098889393196	0.019368790075288037	-	-	-	-
5	2	0.528473150474069	0.015345260343898754	0.545612686297576	0.021006878554338734	-	-	-	-

lsdc
---------------------
5	1	0.12161177352674077	0.005560169089117693	0.17035200793257316	0.004362915220624688	-	-	-	-
5	2	0.13750846613586723	0.012715085998580402	0.18145761031234503	0.008979063101772357	-	-	-	-

uzh
---------------------
5	1	0.48187850229916557	0.018280052337973824	0.4193905817174516	0.02422278891007568	-	-	-	-
5	2	0.48601093070445034	0.010699140136095773	0.45027700831024936	0.027265977368182155	-	-	-	-

