dev_hdt_gbert_orig_acc_epoch1	0.08740864789651584
dev_hdt_gbert_orig_f1_epoch1	0.034350808434553445
dev_noah_gbert_orig_acc_epoch1	0.0735437854972923
dev_noah_gbert_orig_f1_epoch1	0.027710301198922965
dev_hdt_gbert_orig_acc_epoch2	0.0807192419699423
dev_hdt_gbert_orig_f1_epoch2	0.032613743085221636
dev_noah_gbert_orig_acc_epoch2	0.0685334389996918
dev_noah_gbert_orig_f1_epoch2	0.025400139437783017
