METRIC	AVERAGE	STD_DEV	N_RUNS
test_padt-translit_bertu_orig_acc	0.9280400646877771	0.013395167253695916	5
test_padt-translit_bertu_orig_f1	0.8931805241540207	0.006914793872545222	5
test_narbizi_bertu_orig_acc	0.2723943661971831	0.009206667336529792	5
test_narbizi_bertu_orig_f1	0.1502210875344166	0.004060941814717531	5
