N_RUNS	EPOCH	F1 (TEST)	STDEV (F1 TEST)	ACC (TEST)	STDEV (ACC TEST)	F1 (VAL)	STDEV (F1 VAL)	ACC (VAL)	STDEV (ACC VAL)
uzh
---------------------
5	1	0.3060489190713568	0.021303301523194422	0.3987508674531575	0.012418633425825153	-	-	-	-
5	2	0.2738289396542982	0.02312320494368465	0.370853573907009	0.01027064538514921	-	-	-	-

lsdc
---------------------
5	1	0.4196896172616678	0.006381347874536289	0.6030900372935536	0.007366813433113962	-	-	-	-
5	2	0.41916253077317045	0.009334237862762764	0.5920085242408099	0.005571408188556774	-	-	-	-

alpino
---------------------
5	1	-	-	-	-	0.7999164470712994	0.013942469216739497	0.9287762647668861	0.0022859380673106284
5	2	-	-	-	-	0.8463017220096269	0.006946907023037357	0.9474253764992333	0.0017477141737398357

noah
---------------------
5	1	0.29968617847169066	0.013548676181251433	0.42900974074331505	0.012260752193568163	-	-	-	-
5	2	0.302079403415771	0.01444778831627126	0.41627627567991576	0.005726084225624574	-	-	-	-

