dev_hdt_gbert_orig_acc_epoch1	0.07124078782916002
dev_hdt_gbert_orig_f1_epoch1	0.03937548882658529
dev_noah_gbert_orig_acc_epoch1	0.07276889886848942
dev_noah_gbert_orig_f1_epoch1	0.03806455795743197
dev_hdt_gbert_orig_acc_epoch2	0.08755025520099002
dev_hdt_gbert_orig_f1_epoch2	0.05098212226236404
dev_noah_gbert_orig_acc_epoch2	0.08290406375203628
dev_noah_gbert_orig_f1_epoch2	0.048939561874623054
