METRIC	AVERAGE	STD_DEV	N_RUNS
test_padt-translit_bertu_orig_acc	0.9149251395482288	0.002034775685301688	5
test_padt-translit_bertu_orig_f1	0.8245662968766846	0.0053905615220827575	5
test_narbizi_bertu_orig_acc	0.2902347417840375	0.008571900875888983	5
test_narbizi_bertu_orig_f1	0.1621425224857095	0.006401491892666924	5
