dev_hdt_xlmr_orig_acc_epoch1	0.9812093263802094
dev_hdt_xlmr_orig_f1_epoch1	0.9118794334830342
dev_noah_xlmr_orig_acc_epoch1	0.7946385324655881
dev_noah_xlmr_orig_f1_epoch1	0.6812885637229963
dev_hdt_xlmr_orig_acc_epoch2	0.9815048546678077
dev_hdt_xlmr_orig_f1_epoch2	0.9350629865168345
dev_noah_xlmr_orig_acc_epoch2	0.7953694815545438
dev_noah_xlmr_orig_f1_epoch2	0.7004210589584728
